"conversation_id_str,""created_at"",""favorite_count"",""full_text"",""id_str"",""image_url"",""in_reply_to_screen_name"",""lang"",""location"",""quote_count"",""reply_count"",""retweet_count"",""tweet_url"",""user_id_str"",""username""";
"1826243747845374074,""Thu Aug 22 23:59:59 +0000 2024"",""0"",""@lalalafindyou @DPR_RI Kepada yang terhormat @DPR_RI kami mohon untuk mempertimbangkan ambang batas dan pembahasan RUU Pilkada dalam pilkada tahun ini. Terima kasih. #KawalPutusanMK #TolakPilkadaAkal2an #TolakPolitikDinasti #IndonesiaTanpaWowiwo #Salam4Jari"",""1826771331385622656"","""",""lalalafindyou"",""in"","""",""0"",""0"",""0"",""https://x.com/svikstywt/status/1826771331385622656"",""1565183048148471808"",""svikstywt""";
"1826660686921171316,""Thu Aug 22 23:59:59 +0000 2024"",""0"",""@convomf BATALKAN BUKAN TUNDA! #KawalPutusanMK #TolakPilkadaAkal2an #TolakPolitikDinasti"",""1826771328848068740"","""",""convomf"",""in"",""ENFP"",""0"",""0"",""0"",""https://x.com/orlldinary/status/1826771328848068740"",""1324997750119788545"",""orlldinary""";
"1826661689640845712,""Thu Aug 22 23:59:58 +0000 2024"",""0"",""@iiksanboy BATALKAN BUKAN TUNDA! #KawalPutusanMK #TolakPilkadaAkal2an #TolakPolitikDinasti #PeringatanDarurat #IndonesiaEmergencyDemocracy"",""1826771327308759298"","""",""iiksanboy"",""in"",""caratland‚ãÖÀö‚Çä‚Äß ‡≠®‡≠ß "",""0"",""0"",""0"",""https://x.com/chansholl_/status/1826771327308759298"",""1582162451444793344"",""chansholl_""";
"1826763545662685325,""Thu Aug 22 23:59:58 +0000 2024"",""0"",""@txtdrjkt @DivHumas_Polri Kami menuntut pihak kepolisian yang bertugas hari ini &amp";" melakukan aksi kekerasan terhadap mahasiswa kemudian ada yang diculik juga sampai saat ini tidak ada informasi dimana mahasiswa tersebut. KEMBALIKAN MEREKA SEGERAA!! @DivHumas_Polri #KawalPutusanMK"",""1826771324758548773"","""",""txtdrjkt"",""in"","""",""0"",""0"",""0"",""https://x.com/jianhyunn/status/1826771324758548773"",""1273933810707558400"",""jianhyunn"""
"1826771322443284977,""Thu Aug 22 23:59:57 +0000 2024"",""0"",""Kakak2 almet biru udh ada kabar blmm gess? #KawalPutusanMK #TolakPilkadaAkal2an #TolakPolitikDinasti #PeringatanDarurat #BauKetekOligarki #IndonesiaEmergencyDemocracy"",""1826771322443284977"","""","""",""in"",""isfj "",""0"",""1"",""0"",""https://x.com/cegilnyadk/status/1826771322443284977"",""1747132142403063808"",""cegilnyadk""";
"1826613586372042892,""Thu Aug 22 23:59:56 +0000 2024"",""0"",""@abcdenhaipen BATALKAN BUKAN DITUNDA #KawalPutusanMK #TolakPilkadaAkal2an #TolakPolitikDinasti #PeringatanDarurat #IndonesiaEmergencyDemocracy"",""1826771316399308933"","""",""abcdenhaipen"",""in"",""istj ‚îÄ s/her, 16"",""0"",""0"",""0"",""https://x.com/jellocakwe/status/1826771316399308933"",""1645331354517909504"",""jellocakwe""";
"1826769087248433478,""Thu Aug 22 23:59:53 +0000 2024"",""0"",""@rahmdess27 @DivHumas_Polri KEMBALIKAN TEMAN-TEMAN KAMI @DivHumas_Polri #KawalPutusanMK"",""1826771304311390239"","""",""rahmdess27"",""in"",""0613 APOBANGPO "",""0"",""0"",""0"",""https://x.com/vvhintaeges/status/1826771304311390239"",""1584821437759909888"",""vvhintaeges""";
"1826676491041865908,""Thu Aug 22 23:59:53 +0000 2024"",""0"",""@cingreborn BATALKAN BUKAN TUNDA #KawalPutusanMK #MenjagaPutusanMK #TolakPilkadaAkal2an #TolakPolitikDinasti #PeringatanDarurat #IndonesiaEmergencyDemocracy"",""1826771304210735112"","""",""cingreborn"",""in"",""‚òÜ   ùì≥ùì∏ùîÇ ùì∏ùìØ ùìµùì≤ùìØùìÆ   ‚òÜ"",""0"",""0"",""0"",""https://x.com/le_c_tea/status/1826771304210735112"",""1605833817922895872"",""le_c_tea""";
"1826771303749370287,""Thu Aug 22 23:59:53 +0000 2024"",""0"",""gausah sekolah tinggi-tinggi juga semua paham ini buat kepetingan si kaesang anaknya Mulyono bin Widjiatno Notomihardjo kelahiran Rabu Pon #KawalPutusanMK #TolakPilkadaAsal2an #TolakPolitikDinasti"",""1826771303749370287"","""","""",""in"",""üáÆüá© she/her"",""1"",""0"",""1"",""https://x.com/everydayness_/status/1826771303749370287"",""1109485975351091200"",""everydayness_""";
"1826616609080828127,""Thu Aug 22 23:59:52 +0000 2024"",""0"",""@caratstalk BATALKAN BUKAN DITUNDA #KawalPutusanMK #TolakPilkadaAkal2an #TolakPolitikDinasti #PeringatanDarurat #IndonesiaEmergencyDemocracy"",""1826771302340067586"","""",""caratstalk"",""in"","""",""0"",""0"",""0"",""https://x.com/verzrn/status/1826771302340067586"",""1352844581319020550"",""verzrn""";
"1826763833660100810,""Thu Aug 22 23:59:52 +0000 2024"",""0"",""@tanyakanrl LAWAN! JANGAN LENGAH! BATALKAN BUKAN TUNDA! PANJANG UMUR PERJUANGAN! HIDUP RAKYAT INDONESIA! #KawalPutusanMK #TolakPilkadaAkal2an #TolakPolitikDinasti #PeringatanDarurat #IndonesiaEmergencyDemocracy"",""1826771302130352548"","""",""tanyakanrl"",""in"","""",""0"",""0"",""0"",""https://x.com/ccloudys_/status/1826771302130352548"",""1442674806701260805"",""ccloudys_""";
"1826765953147036019,""Thu Aug 22 23:59:52 +0000 2024"",""1"",""@enhyvampireism_ dk aj #KawalPutusanMK #TolakPilkadaAkal2an #TolakPolitikDinasti"",""1826771301215961386"","""",""enhyvampireism_"",""in"",""pusat tata surya"",""0"",""1"",""0"",""https://x.com/amourdeoct/status/1826771301215961386"",""1406593657562558464"",""amourdeoct""";
"1826613586372042892,""Thu Aug 22 23:59:52 +0000 2024"",""0"",""@abcdenhaipen BATALKAN BUKAN DITUNDA #KawalPutusanMK #TolakPilkadaAkal2an #TolakPolitikDinasti #PeringatanDarurat #IndonesiaEmergencyDemocracy"",""1826771300960141521"","""",""abcdenhaipen"",""in"","""",""0"",""0"",""0"",""https://x.com/jongjayya/status/1826771300960141521"",""1673719584657149952"",""jongjayya""";
"1826593043040137239,""Thu Aug 22 23:59:52 +0000 2024"",""0"",""@nct_menfess BATALKAN BUKAN TUNDA ! #KawalPutusanMK #TolakPilkadaAkal2an #TolakPolitikDinasti #PeringatanDarurat #IndonesiaEmergencyDemocracy"",""1826771300070949078"","""",""nct_menfess"",""in"",""jaemin's heart "",""0"",""0"",""0"",""https://x.com/lalalaloveyou00/status/1826771300070949078"",""1457834036081033216"",""lalalaloveyou00""";
"1826771299248865690,""Thu Aug 22 23:59:52 +0000 2024"",""0"",""pagii BATALKAN BUKAN TUNDA! #KawalPutusanMK #TolakPilkadaAkal2an #TolakPolitikDinasti #PeringatanDarurat #IndonesiaEmergencyDemocracy"",""1826771299248865690"","""","""",""in"",""hati jake"",""0"",""2"",""0"",""https://x.com/heazelnat/status/1826771299248865690"",""1750065100126646272"",""heazelnat""";
"1826579732600947130,""Thu Aug 22 23:59:51 +0000 2024"",""0"",""@schcampus LAWAN! JANGAN LENGAH! BATALKAN BUKAN TUNDA! PANJANG UMUR PERJUANGAN! HIDUP RAKYAT INDONESIA! #KawalPutusanMK #TolakPilkadaAkal2an #TolakPolitikDinasti #PeringatanDarurat #IndonesiaEmergencyDemocracy"",""1826771297810219048"","""",""schcampus"",""in"",""Wandsworth, London"",""0"",""0"",""0"",""https://x.com/Chacayozh/status/1826771297810219048"",""1579436929690456065"",""Chacayozh""";
"1826596877791302124,""Thu Aug 22 23:59:50 +0000 2024"",""0"",""@sajoersoep BATALKAN BUKAN TUNDA! #KawalPutusanMK #TolakPilkadaAkal2an #TolakPolitikDinasti"",""1826771293058072643"","""",""sajoersoep"",""in"",""she/her ‚Ä¢ "",""0"",""0"",""0"",""https://x.com/jnwwchan/status/1826771293058072643"",""1358054465211834370"",""jnwwchan""";
"1826771292995178904,""Thu Aug 22 23:59:50 +0000 2024"",""1"",""GAK MALU BERITANYA SAMPE KELUAR? Ini gara2 keluarga tamak yg kecanduan kekuasaan anjiiingg #KawalPutusanMK"",""1826771292995178904"","""","""",""in"","""",""0"",""0"",""0"",""https://x.com/lunasinpinjol/status/1826771292995178904"",""1817377713919029248"",""lunasinpinjol""";
"1826633892360847717,""Thu Aug 22 23:59:50 +0000 2024"",""0"",""@sheldon24james LAWAN! JANGAN LENGAH! BATALKAN BUKAN TUNDA! PANJANG UMUR PERJUANGAN! HIDUP RAKYAT INDONESIA! JANGAN MAU KALAH SAMA 1 KELUARGA #KawalPutusanMK #TolakPilkadaAkal2an #TolakPolitikDinasti #PeringatanDarurat #IndonesiaEmergencyDemocracy"",""1826771290294026624"","""",""sheldon24james"",""in"","""",""0"",""0"",""0"",""https://x.com/tjakepvio/status/1826771290294026624"",""1643072838998589445"",""tjakepvio""";
"1826762559635992693,""Thu Aug 22 23:59:49 +0000 2024"",""1"",""@tanyarlfes BATALKAN BUKAN DITUNDA #KawalPutusanMK #TolakPilkadaAkal2an #TolakPolitikDinasti"",""1826771290059145642"","""",""tanyarlfes"",""in"",""‚ãÜÀöùúóùúöÀö‚ãÜ"",""0"",""0"",""0"",""https://x.com/vannjla/status/1826771290059145642"",""1322117092305301505"",""vannjla""";
"1826763833660100810,""Thu Aug 22 23:59:49 +0000 2024"",""0"",""@tanyakanrl BATALKAN BUKAN TUNDA! #KawalPutusanMK #TolakPilkadaAkal2an #TolakPolitikDinasti"",""1826771287563534811"","""",""tanyakanrl"",""in"","""",""0"",""0"",""0"",""https://x.com/Maumauajasi/status/1826771287563534811"",""1708689975779397632"",""Maumauajasi""";
"1826563397955321928,""Thu Aug 22 23:59:47 +0000 2024"",""0"",""@kairybubble LAWAN! JANGAN LENGAH! BATALKAN BUKAN TUNDA! #KawalPutusanMK #TolakPilkadaAkal2an #TolakPolitikDinasti #PeringatanDarurat #IndonesiaEmergencyDemocracy"",""1826771281448239307"","""",""kairybubble"",""in"","""",""0"",""0"",""1"",""https://x.com/xsyalyes/status/1826771281448239307"",""1244095335409975296"",""xsyalyes""";
"1826771279191704009,""Thu Aug 22 23:59:47 +0000 2024"",""1"",""BATALKAN BUKAN TUNDA ‚ÄºÔ∏è‚ÄºÔ∏è #KawalPutusanMK #TolakPilkadaAkal2an #TolakPolitikDinasti https://t.co/c3SV7VntLw"",""1826771279191704009"",""https://pbs.twimg.com/media/GVn-zBebYAAeJvm.jpg"","""",""in"",""gawrin"",""0"",""0"",""1"",""https://x.com/helessant/status/1826771279191704009"",""1574317362542940161"",""helessant""";
"1826655332510433697,""Thu Aug 22 23:59:44 +0000 2024"",""0"",""@babufess KALO AZAR BISA DIGULINGKAN BERARTI MEREKA JUGA BISA DIGULINGKAN! GULINGKAN AZAR!! #KawalPutusanMK #TolakPilkadaAkal2an #TolakPolitikDinasti #PeringatanDarurat #IndonesiaEmergencyDemocracy"",""1826771267179217107"","""",""babufess"",""in"",""‚∏ôÕé€™€´ goes by she/her "",""0"",""0"",""1"",""https://x.com/rezeeloav/status/1826771267179217107"",""1358567502062620672"",""rezeeloav""";
"1826760548765368605,""Thu Aug 22 23:59:44 +0000 2024"",""0"",""@raining_bluedy BATALKAN BUKAN TUNDA #KawalPutusanMK #TolakPilkadaAkal2an #TolakPolitikDinasti #PeringatanDarurat #IndonesiaEmergencyDemocracy"",""1826771266029977940"","""",""raining_bluedy"",""in"",""Tangerang, Indonesia"",""0"",""0"",""1"",""https://x.com/yangmeow09/status/1826771266029977940"",""1455821301646442496"",""yangmeow09""";
"1826680110126432314,""Thu Aug 22 23:59:43 +0000 2024"",""0"",""@YLBHI kami menuntut pihak kepolisian yang bertugas hari ini &amp";" melakukan aksi kekerasan terhadap mahasiswa kemudian ada yang diculik juga smpai saat ini tidak ada informasi dimana mahasiswa tersebut. KEMBALIKAN MEREKA SEGERAA!! @DivHumas_Polri #KawalPutusanMK #TolakPilkadaAkal2an"",""1826771262548660595"","""",""YLBHI"",""in"","""",""0"",""0"",""0"",""https://x.com/fullsunlhcnn/status/1826771262548660595"",""1508427624926056456"",""fullsunlhcnn"""
"1826771262183801234,""Thu Aug 22 23:59:43 +0000 2024"",""0"",""ini bukan wni lohhh apa kabar artis indo yg masih tone deaf #KawalPutusanMK #TolakPilkadaAkal2an #TolakPolitikDinasti #PeringatanDarurat #IndonesiaEmergencyDemocracy"",""1826771262183801234"","""","""",""in"",""vet'61"",""0"",""0"",""0"",""https://x.com/iiksanboy/status/1826771262183801234"",""1675819343144431616"",""iiksanboy""";
"1826771261374255144,""Thu Aug 22 23:59:43 +0000 2024"",""0"",""KEMBALIKAN TEMAN-TEMAN KAMI @DivHumas_Polri #KawalPutusanMK"",""1826771261374255144"","""","""",""in"",""ui"",""0"",""0"",""0"",""https://x.com/studyochiii/status/1826771261374255144"",""1461565286067310596"",""studyochiii""";
"1826769087248433478,""Thu Aug 22 23:59:42 +0000 2024"",""0"",""@rahmdess27 @DivHumas_Polri KEMBALIKAN TEMAN-TEMAN KAMI!!!! Kami menuntut pihak kepolisian yang bertugas hari ini &amp";" melakukan aksi kekerasan terhadap mahasiswa kemudian ada yang diculik juga smpai saat ini tidak ada informasi dimana mahasiswa tersebut. @DivHumas_Polri @ListyoSigitP #KawalPutusanMk"",""1826771260199866536"","""",""rahmdess27"",""in"",""renjun‚ô°"",""0"",""0"",""0"",""https://x.com/yellowmoomin_23/status/1826771260199866536"",""1617824821680963584"",""yellowmoomin_23"""
"1826593043040137239,""Thu Aug 22 23:59:42 +0000 2024"",""0"",""@nct_menfess BATALKAN BUKAN DITUNDA #KawalPutusanMK #TolakPilkadaAkal2an #TolakPolitikDinasti #PeringatanDarurat #IndonesiaEmergencyDemocracy"",""1826771258396267005"","""",""nct_menfess"",""in"","""",""0"",""0"",""0"",""https://x.com/verzrn/status/1826771258396267005"",""1352844581319020550"",""verzrn""";
"1826744643192848639,""Thu Aug 22 23:59:42 +0000 2024"",""0"",""@vyxzkjl BATALKAN BUKAN TUNDA #KawalPutusanMK #TolakPilkadaAkal2an #TolakPolitikDinasti #PeringatanDarurat #IndonesiaEmergencyDemocracy"",""1826771256697651664"","""",""vyxzkjl"",""in"",""ksyü´∂"",""0"",""0"",""0"",""https://x.com/kwonfirehosh/status/1826771256697651664"",""897308087521918977"",""kwonfirehosh""";
"1826763545662685325,""Thu Aug 22 23:59:40 +0000 2024"",""0"",""@txtdrjkt @DivHumas_Polri KEMBALIKAN TEMAN-TEMAN KAMI @DivHumas_Polri #KawalPutusanMK"",""1826771251454750767"","""",""txtdrjkt"",""in"",""0613 APOBANGPO "",""0"",""0"",""0"",""https://x.com/vvhintaeges/status/1826771251454750767"",""1584821437759909888"",""vvhintaeges""";
"1826442464103649690,""Thu Aug 22 23:59:39 +0000 2024"",""0"",""@nct_menfess @DPR_RI Kepada yang terhormat @DPR_RI kami mohon untuk mempertimbangkan ambang batas dan pembahasan RUU Pilkada dalam pilkada tahun ini. Terima kasih. #KawalPutusanMK #TolakPilkadaAkal2an #TolakPolitikDinasti"",""1826771247738618338"","""",""nct_menfess"",""in"","""",""0"",""0"",""0"",""https://x.com/rsydoes/status/1826771247738618338"",""1700766088596955136"",""rsydoes""";
"1826633892360847717,""Thu Aug 22 23:59:39 +0000 2024"",""0"",""@sheldon24james BATALKAN BUKAN TUNDA! #KawalPutusanMK #TolakPilkadaAkal2an #TolakPolitikDinasti #PeringatanDarurat #IndonesiaEmergencyDemocracy"",""1826771246572601464"","""",""sheldon24james"",""in"","""",""0"",""0"",""0"",""https://x.com/yinyuujun/status/1826771246572601464"",""1411243121799667713"",""yinyuujun""";
"1826771245486276911,""Thu Aug 22 23:59:39 +0000 2024"",""0"",""KEMBALIKAN TEMAN TEMAN KAMI !! @DivHumas_Polri #KawalPutusanMK #TolakPilkadaAkal2an #TolakPolitikDinasti https://t.co/eLZo6Ougmq"",""1826771245486276911"",""https://pbs.twimg.com/media/GVn-wlHa0AAPwc-.jpg"","""",""in"","""",""0"",""0"",""0"",""https://x.com/betelgerion/status/1826771245486276911"",""1445968622845718530"",""betelgerion""";
"1826553233877205087,""Thu Aug 22 23:59:38 +0000 2024"",""0"",""@sensesual BATAL BUKAN TUNDA‚ÄºÔ∏è #KawalPutusanMK #TolakPilkadaAkal2an #TolakPolitikDinasti"",""1826771243380736224"","""",""sensesual"",""in"","""",""0"",""0"",""0"",""https://x.com/secretsja3m1n/status/1826771243380736224"",""1765718654430412800"",""secretsja3m1n""";
"1826771242231496882,""Thu Aug 22 23:59:38 +0000 2024"",""0"",""Tuh dikasih paham sama Jae.. #KawalPutusanMK #TolakPilkadaAkal2an #TolakPolitikDinasti"",""1826771242231496882"","""","""",""in"",""Jateng "",""0"",""0"",""0"",""https://x.com/NailahAi/status/1826771242231496882"",""842387573670461440"",""NailahAi""";
"1826680110126432314,""Thu Aug 22 23:59:38 +0000 2024"",""0"",""@YLBHI Kami menuntut pihak kepolisian yang bertugas hari ini &amp";" melakukan aksi kekerasan terhadap mahasiswa kemudian ada yang diculik juga smpai saat ini tidak ada informasi dimana mahasiswa tersebut. KEMBALIKAN MEREKA SEGERAA!! @DivHumas_Polri @ListyoSigitP #KawalPutusanMK"",""1826771242097234194"","""",""YLBHI"",""in"",""Jakarta Timur, DKI Jakarta"",""0"",""0"",""0"",""https://x.com/plumpypum/status/1826771242097234194"",""79659062"",""plumpypum"""
"1826763833660100810,""Thu Aug 22 23:59:37 +0000 2024"",""0"",""@tanyakanrl LAWAN! JANGAN LENGAH! BATALKAN BUKAN TUNDA! PANJANG UMUR PERJUANGAN! #KawalPutusanMK #TolakPilkadaAkal2an #TolakPolitikDinasti #BelaRepublik #TumbangkanRajaBauKolonial #menjagaPutusanMK #DaruratDemokrasi #ReformasiDihabisi #IndonesiaEmergencyDemocracy #KoalisiIndonesiaMundur"",""1826771238880198933"","""",""tanyakanrl"",""in"","""",""0"",""0"",""0"",""https://x.com/bienya_bacon/status/1826771238880198933"",""1664598840463495168"",""bienya_bacon""";
"1826766354805821674,""Thu Aug 22 23:59:37 +0000 2024"",""0"",""@tanyarlfes Kami menuntut pihak kepolisian yang bertugas hari ini &amp";" melakukan aksi kekerasan terhadap mahasiswa kemudian ada yang diculik juga sampai saat ini tidak ada informasi dimana mahasiswa tersebut. KEMBALIKAN MEREKA SEGERAA!! @DivHumas_Polri @ListyoSigitP #KawalPutusanMK"",""1826771238829842907"","""",""tanyarlfes"",""in"","""",""0"",""0"",""0"",""https://x.com/jianhyunn/status/1826771238829842907"",""1273933810707558400"",""jianhyunn"""
"1826748718227378193,""Thu Aug 22 23:59:37 +0000 2024"",""0"",""@tanyarlfes BATALKAN BUKAN DITUNDA #KawalPutusanMK #TolakPilkadaAkal2an #TolakPolitikDinasti #PeringatanDarurat #IndonesiaEmergencyDemocracy"",""1826771237974278530"","""",""tanyarlfes"",""in"",""Indonesia"",""0"",""0"",""0"",""https://x.com/yashmiinee/status/1826771237974278530"",""1273495682779758598"",""yashmiinee""";
"1826630227654836431,""Thu Aug 22 23:59:37 +0000 2024"",""0"",""@nahrscv BATALKAN BUKAN DITUNDA #KawalPutusanMK #TolakPilkadaAkal2an #TolakPolitikDinasti #PeringatanDarurat #IndonesiaEmergencyDemocracy"",""1826771237122834895"","""",""nahrscv"",""in"",""jungwon's heart"",""0"",""0"",""0"",""https://x.com/skyeaniverse/status/1826771237122834895"",""1553395709814394880"",""skyeaniverse""";
"1826548457185968551,""Thu Aug 22 23:59:36 +0000 2024"",""0"",""@nct_menfess BATALKAN BUKAN TUNDA #KawalPutusanMK #TolakPilkadaAkal2an #TolakPolitikDinasti"",""1826771233805160594"","""",""nct_menfess"",""in"",""Magelang, Jawa Tengah"",""0"",""0"",""0"",""https://x.com/stroberinyanana/status/1826771233805160594"",""1265930259259510784"",""stroberinyanana""";
"1826532347027587104,""Thu Aug 22 23:59:36 +0000 2024"",""0"",""@treasuremenfess LAWAN! JANGAN LENGAH! BATALKAN BUKAN TUNDA! PANJANG UMUR PERJUANGAN! HIDUP RAKYAT INDONESIA! #KawalPutusanMK #TolakPilkadaAkal2an #TolakPolitikDinasti #PeringatanDarurat #IndonesiaEmergencyDemocracy"",""1826771232874000654"","""",""treasuremenfess"",""in"","""",""0"",""0"",""0"",""https://x.com/mongeeily/status/1826771232874000654"",""1798287530498138112"",""mongeeily""";
"1826752750342078479,""Thu Aug 22 23:59:35 +0000 2024"",""0"",""@chonlo_lolo @DivHumas_Polri Kami menuntut pihak kepolisian yang bertugas hari ini &amp";" melakukan aksi kekerasan terhadap mahasiswa kemudian ada yang diculik juga sampai saat ini tidak ada informasi dimana mahasiswa tersebut. KEMBALIKAN MEREKA SEGERAA!! @DivHumas_Polri @ListyoSigitP #KawalPutusanMK"",""1826771231330501017"","""",""chonlo_lolo"",""in"",""ùêçùêÇùêì ÀèÀã¬∞‚Ä¢*‚ÅÄ‚û∑ my treasure ‚úé‚òÜ"",""0"",""0"",""0"",""https://x.com/pjieeru/status/1826771231330501017"",""1275376856150097922"",""pjieeru"""
"1826641149366599716,""Thu Aug 22 23:59:35 +0000 2024"",""0"",""@jungaheon @iiksanboy BATALKAN BUKAN TUNDA! #KawalPutusanMk #TolakPilkadaAkal2an #TolakPolitikDinasti"",""1826771231036899765"","""",""jungaheon"",""in"","""",""0"",""0"",""0"",""https://x.com/yeanj_/status/1826771231036899765"",""1735291042252169217"",""yeanj_""";
"1826762559635992693,""Thu Aug 22 23:59:34 +0000 2024"",""0"",""@tanyarlfes BATALKAN BUKAN TUNDA! #KawalPutusanMK #TolakPilkadaAkal2an #TolakPolitikDinasti #PeringatanDarurat #IndonesiaEmergencyDemocracy"",""1826771225735299295"","""",""tanyarlfes"",""in"",""Betelgeuse||she/her'03"",""0"",""0"",""0"",""https://x.com/wqblueryavolt/status/1826771225735299295"",""1430334863094075396"",""wqblueryavolt""";
"1826587782254657674,""Thu Aug 22 23:59:34 +0000 2024"",""0"",""@cigrttsftrsxx Malang masih hari ini Kak. Siang nanti jam 12.30 ‚ÄçÔ∏è‚ÄçÔ∏è‚ÄçÔ∏è Aku pengin ikut banget #KawalPutusanMK #TolakPilkadaAkal2an #TolakPolitikDinastiJokowi #TolakPolitikDinasti"",""1826771224305021065"","""",""cigrttsftrsxx"",""in"",""homophobes strictly dni."",""0"",""0"",""0"",""https://x.com/dKhaotung/status/1826771224305021065"",""1781279211975827456"",""dKhaotung""";
"1826521935762931804,""Thu Aug 22 23:59:33 +0000 2024"",""0"",""@aMomeunt BATALKAN BUKAN TUNDA #KawalPutusanMK #TolakPilkadaAkal2an #TolakPolitikDinasti #PeringatanDarurat #IndonesiaEmergencyDemocracy"",""1826771219213058524"","""",""aMomeunt"",""in"","""",""0"",""0"",""0"",""https://x.com/miayambabeh/status/1826771219213058524"",""1456210967298129925"",""miayambabeh""";
"1826766354805821674,""Thu Aug 22 23:59:32 +0000 2024"",""0"",""@tanyarlfes kami menuntut pihak kepolisian yang bertugas hari ini &amp";" melakukan aksi kekerasan terhadap mahasiswa kemudian ada yang diculik juga smpai saat ini tidak ada informasi dimana mahasiswa tersebut. KEMBALIKAN MEREKA SEGERAA!! @DivHumas_Polri #KawalPutusanMK #TolakPilkadaAkal2an"",""1826771217371857191"","""",""tanyarlfes"",""in"",""imwinter"",""0"",""0"",""0"",""https://x.com/rinakatarinablu/status/1826771217371857191"",""1421748633943248900"",""rinakatarinablu"""
"1826625053708165439,""Thu Aug 22 23:59:32 +0000 2024"",""0"",""@araaananana Cepet sembuh Indonesia #KawalPutusanMK #TolakPilkadaAkal2an #TolakPolitikDinasti #PeringatanDarurat #IndonesiaEmergencyDemocracy"",""1826771216012902493"","""",""araaananana"",""in"",""en-"",""0"",""0"",""0"",""https://x.com/hoonloper/status/1826771216012902493"",""1544195810648543232"",""hoonloper""";
"1826640575342543108,""Thu Aug 22 23:59:32 +0000 2024"",""0"",""@lhsploopy BATALKAN BUKAN DITUNDA #KawalPutusanMK #TolakPilkadaAkal2an #TolakPolitikDinasti #PeringatanDarurat #IndonesiaEmergencyDemocracy"",""1826771215740272971"","""",""lhsploopy"",""in"","""",""0"",""0"",""0"",""https://x.com/jongjayya/status/1826771215740272971"",""1673719584657149952"",""jongjayya""";
"1826771214679068784,""Thu Aug 22 23:59:32 +0000 2024"",""0"",""PPP RT TWEET DI BAWAH INI PLS KALO LEWAT #KawalPutusanMK #TolakPilkadaAkal2an #TolakPolitikDinasti"",""1826771214679068784"","""","""",""in"",""she/her || ca/fa"",""0"",""0"",""0"",""https://x.com/mizuxniz/status/1826771214679068784"",""1075350201643094016"",""mizuxniz""";
"1826751242065907865,""Thu Aug 22 23:59:31 +0000 2024"",""0"",""@tanyakanrl BATALKAN BUKAN DITUNDA #KawalPutusanMK #TolakPilkadaAkal2an #TolakPolitikDinasti"",""1826771213244653991"","""",""tanyakanrl"",""in"",""JEONGWOO"",""0"",""0"",""0"",""https://x.com/pjwjeong/status/1826771213244653991"",""1459335325172449280"",""pjwjeong""";
"1826572970996744635,""Thu Aug 22 23:59:31 +0000 2024"",""0"",""@unesa_fess BATALKAN BUKAN TUNDA! #KawalPutusanMK #TolakPilkadaAkal2an #TolakPolitikDinasti"",""1826771212913291287"","""",""unesa_fess"",""in"",""ENFP"",""0"",""0"",""0"",""https://x.com/orlldinary/status/1826771212913291287"",""1324997750119788545"",""orlldinary""";
"1826755025147707487,""Thu Aug 22 23:59:31 +0000 2024"",""0"",""@starfess Gua yakin dia tau dari story nya hindia terus dia kepo dan akhirnya nyari tau sendiri. Big respect! #KawalPutusanMK #TolakPilkadaAkal2an #TolakPolitikDinasti #PeringatanDarurat #IndonesiaEmergencyDemocracy"",""1826771211730518302"","""",""starfess"",""in"","""",""0"",""0"",""0"",""https://x.com/caramelmackiato/status/1826771211730518302"",""1206221011672190979"",""caramelmackiato""";
"1826615372667125768,""Thu Aug 22 23:59:30 +0000 2024"",""0"",""@tanyakanrl BATALKAN BUKAN TUNDA! #KawalPutusanMk #TolakPilkadaAkal2an #TolakPolitikDinasti"",""1826771208844837113"","""",""tanyakanrl"",""in"",""dikamar Jaeyong."",""0"",""0"",""0"",""https://x.com/kkinkykitten/status/1826771208844837113"",""1456126663331221506"",""kkinkykitten""";
"1826771203148972187,""Thu Aug 22 23:59:29 +0000 2024"",""0"",""KAMI BUTUH BATALKAN BUKAN TUNDA !!! #KawalPutusanMK #MenjagaPutusanMK https://t.co/coJJ7PGBnU"",""1826771203148972187"",""https://pbs.twimg.com/media/GVn-t6TbMAAeOgO.png"","""",""in"","""",""0"",""0"",""1"",""https://x.com/secretlo0vers/status/1826771203148972187"",""1567283220487741441"",""secretlo0vers""";
"1826588239916110077,""Thu Aug 22 23:59:28 +0000 2024"",""0"",""@nishiicon @ssogarize BATALKAN BUKAN DITUNDA! #KawalPutusanMK #TolakPilkadaAkal2an #TolakPolitikDinasti #PeringatanDarurat #IndonesiaEmergencyDemocracy"",""1826771201538359519"","""",""nishiicon"",""in"",""she/her"",""0"",""0"",""0"",""https://x.com/pjongseeong/status/1826771201538359519"",""1414017951829659648"",""pjongseeong""";
"1826771199596396925,""Thu Aug 22 23:59:28 +0000 2024"",""0"",""Njir 159. Minimal ngotak sih #KawalPutusanMK #TolakPilkadaAkal2an #TolakPolitikDinasti #BauKetekOligarki"",""1826771199596396925"","""","""",""in"","""",""0"",""0"",""0"",""https://x.com/lewat_c/status/1826771199596396925"",""1622393754501156869"",""lewat_c""";
"1826771197448913345,""Thu Aug 22 23:59:27 +0000 2024"",""0"",""yooo morninggg jangan lupaa awali pagi mu dengan naikin ht dan terus bersuara #KawalPutusanMK #TolakPilkadaAkal2an #TolakPolitikDinasti #PeringatanDarurat #IndonesiaEmergencyDemocracy"",""1826771197448913345"","""","""",""in"",""jy's"",""0"",""0"",""0"",""https://x.com/bbeautypure/status/1826771197448913345"",""1425866909728219139"",""bbeautypure""";
"1826633892360847717,""Thu Aug 22 23:59:26 +0000 2024"",""0"",""@sheldon24james LAWAN! JANGAN LENGAH! BATALKAN BUKAN TUNDA! #KawalPutusanMK #TolakPilkadaAkal2an #TolakPolitikDinasti #PeringatanDarurat #IndonesiaEmergencyDemocracy"",""1826771192206033013"","""",""sheldon24james"",""in"",""98's"",""0"",""0"",""0"",""https://x.com/cicaphile/status/1826771192206033013"",""1286214698946314240"",""cicaphile""";
"1826641747545354573,""Thu Aug 22 23:59:26 +0000 2024"",""0"",""@convomf Ô∏è KAMI BUTUH DIBATALKAN BUKAN DITUNDA Ô∏è #KawalPutusanMK #TolakPilkadaAkal2an #TolakPolitikDinasti"",""1826771190096306504"","""",""convomf"",""in"","""",""0"",""0"",""0"",""https://x.com/subakjogja/status/1826771190096306504"",""1321375654479237124"",""subakjogja""";
"1826769087248433478,""Thu Aug 22 23:59:25 +0000 2024"",""0"",""@rahmdess27 @DivHumas_Polri Kami menuntut pihak kepolisian yang bertugas hari ini &amp";" melakukan aksi kekerasan terhadap mahasiswa kemudian menculik nya sampai saat ini tidak ada informasi dimana mahasiswa tersebut. KEMBALIKAN MEREKA SEGERAA!! @DivHumas_Polri #KawalPutusanMK #TolakPilkadaAkal2an"",""1826771188326302027"","""",""rahmdess27"",""in"",""planet exol"",""0"",""0"",""0"",""https://x.com/pcybbh91/status/1826771188326302027"",""1362996867122913280"",""pcybbh91"""
"1826771144340635723,""Thu Aug 22 23:59:25 +0000 2024"",""0"",""BATALKAN BUKAN DITUNDA #KawalPutusanMK #TolakPilkadaAkal2an #TolakPolitikDinasti #PeringatanDarurat #IndonesiaEmergencyDemocracy https://t.co/DuMwTOlTaq"",""1826771187772571972"",""https://pbs.twimg.com/media/GVn-s1_bMAAoqAZ.jpg"",""shuraaablue"",""in"",""Bandung, Jawa Barat"",""0"",""0"",""0"",""https://x.com/shuraaablue/status/1826771187772571972"",""1789143492423499777"",""shuraaablue""";
"1826587232230322347,""Thu Aug 22 23:59:25 +0000 2024"",""0"",""@Jeanethvy BATALKAN BUKAN TUNDA ‚ÄºÔ∏è #KawalPutusanMK #TolakPilkadaAkal2an #TolakPolitikDinasti #PeringatanDarurat #IndonesiaEmergencyDemocracy"",""1826771186623348847"","""",""Jeanethvy"",""in"",""_WORLD SEVENTEEN üíé"",""0"",""0"",""0"",""https://x.com/cheol___95/status/1826771186623348847"",""1615534493531799552"",""cheol___95""";
"1826686354824310784,""Thu Aug 22 23:59:23 +0000 2024"",""0"",""@WagimanDeep212_ inget kemaren hari ketakutan jokowi dan kroninya. kita kasih paham doi. #KawalPutusanMk #TolakPilkadaAsal2an #TolakPolitikDinasti #TolankPolitikDinastiJokowi"",""1826771180159946752"","""",""WagimanDeep212_"",""in"","""",""0"",""0"",""0"",""https://x.com/Dayak2018/status/1826771180159946752"",""1522517097502322689"",""Dayak2018""";
"1826770212743766176,""Thu Aug 22 23:59:23 +0000 2024"",""0"",""@kdrama_menfess Keren mba #KawalPutusanMK #TolakPilkadaAkal2an #TolakPolitikDinasti #PeringatanDarurat #IndonesiaEmergencyDemocracy"",""1826771178721345537"","""",""kdrama_menfess"",""in"",""Jakarta Selatan, DKI Jakarta"",""0"",""0"",""0"",""https://x.com/Milky4y/status/1826771178721345537"",""1390678140683313152"",""Milky4y""";
"1826763545662685325,""Thu Aug 22 23:59:23 +0000 2024"",""0"",""@txtdrjkt @DivHumas_Polri KEMBALIKAN TEMAN-TEMAN KAMI @DivHumas_Polri #KawalPutusanMK"",""1826771177983148415"","""",""txtdrjkt"",""in"","""",""0"",""0"",""0"",""https://x.com/miyageochan/status/1826771177983148415"",""1359989608549818375"",""miyageochan""";
"1826763545662685325,""Thu Aug 22 23:59:22 +0000 2024"",""0"",""@txtdrjkt @DivHumas_Polri KEMBALIKAN TEMAN-TEMAN KAMI @DivHumas_Polri #KawalPutusanMK"",""1826771176322203907"","""",""txtdrjkt"",""in"","""",""0"",""0"",""0"",""https://x.com/riionell/status/1826771176322203907"",""1421033781339713583"",""riionell""";
"1826634720148684840,""Thu Aug 22 23:59:22 +0000 2024"",""0"",""@woodisdiary BATALKAN BUKAN TUNDA! #KawalPutusanMK #TolakPilkadaAkal2an #TolakPolitikDinasti"",""1826771174841590003"","""",""woodisdiary"",""in"",""caratland"",""0"",""0"",""0"",""https://x.com/yoonn_jeonghan/status/1826771174841590003"",""1809939833592401920"",""yoonn_jeonghan""";
"1826763833660100810,""Thu Aug 22 23:59:22 +0000 2024"",""0"",""@tanyakanrl Batalkan bukan tunda kawal sampai menang! #MenjagaPutusanMK #KawalPutusanMk #kawalkeputusanMK"",""1826771173826592886"","""",""tanyakanrl"",""in"","""",""0"",""0"",""0"",""https://x.com/nalatteo/status/1826771173826592886"",""1254759730523721730"",""nalatteo""";
"1826630227654836431,""Thu Aug 22 23:59:22 +0000 2024"",""0"",""@nahrscv BATALKAN BUKAN DITUNDA #KawalPutusanMK #TolakPilkadaAkal2an #TolakPolitikDinasti #PeringatanDarurat #IndonesiaEmergencyDemocracy"",""1826771173100978199"","""",""nahrscv"",""in"",""ENHYPEN, 240817"",""0"",""0"",""0"",""https://x.com/queeensdom/status/1826771173100978199"",""1158609906288644096"",""queeensdom""";
"1826766354805821674,""Thu Aug 22 23:59:22 +0000 2024"",""0"",""@tanyarlfes Kami menuntut pihak kepolisian yang bertugas hari ini &amp";" melakukan aksi kekerasan terhadap mahasiswa kemudian ada yang diculik juga sampai saat ini tidak ada informasi dimana mahasiswa tersebut. KEMBALIKAN MEREKA SEGERAA!! @DivHumas_Polri @ListyoSigitP #KawalPutusanMK"",""1826771172828348495"","""",""tanyarlfes"",""in"","""",""0"",""0"",""0"",""https://x.com/fairyelnath/status/1826771172828348495"",""1091574669772124160"",""fairyelnath"""
"1826580103205454340,""Thu Aug 22 23:59:21 +0000 2024"",""0"",""@bbyminyongie BATALKAN BUKAN TUNDA #KawalPutusanMK #TolakPilkadaAkal2an #TolakPolitikDinasti #PeringatanDarurat #IndonesiaEmergencyDemocracy"",""1826771172643799164"","""",""bbyminyongie"",""in"",""ksyü´∂"",""0"",""0"",""0"",""https://x.com/kwonfirehosh/status/1826771172643799164"",""897308087521918977"",""kwonfirehosh""";
"1826763833660100810,""Thu Aug 22 23:59:21 +0000 2024"",""0"",""@tanyakanrl BATALKAN BUKAN DITUNDA #KawalPutusanMK #TolakPilkadaAkal2an #TolakPolitikDinasti #PeringatanDarurat #IndonesiaEmergencyDemocracy"",""1826771172060786821"","""",""tanyakanrl"",""in"","""",""0"",""0"",""0"",""https://x.com/aleyeahy/status/1826771172060786821"",""1549912492750835712"",""aleyeahy""";
"1826771169586151711,""Thu Aug 22 23:59:21 +0000 2024"",""0"",""Kami menuntut pihak kepolisian yang bertugas hari ini &amp";" melakukan aksi kekerasan terhadap mahasiswa kemudian ada yang diculik juga smpai saat ini tidak ada informasi dimana mahasiswa tersebut. KEMBALIKAN MEREKA SEGERAA!! @DivHumas_Polri @ListyoSigitP #KawalPutusanMk"",""1826771169586151711"","""","""",""in"",""Aceh Tamiang, Nangro Aceh Daru"",""0"",""0"",""0"",""https://x.com/ailemaavir/status/1826771169586151711"",""1391136514122280960"",""ailemaavir"""
"1826763833660100810,""Thu Aug 22 23:59:20 +0000 2024"",""0"",""@tanyakanrl bismillah YaAllah #MenjagaPutusanMK #KawalPutusanMk"",""1826771168327766496"","""",""tanyakanrl"",""in"","""",""0"",""0"",""0"",""https://x.com/ylowme/status/1826771168327766496"",""1675517329378258944"",""ylowme""";
"1826614233955701176,""Thu Aug 22 23:59:19 +0000 2024"",""0"",""@leevansyi ùêÅùêÄùêìùêÄùêãùêäùêÄùêç!!! ùêÅùêîùêäùêÄùêç ùêÉùêàùêìùêîùêçùêÉùêÄ!!! #KawalPutusanMK #TolakPilkadaAkal2an #TolakPolitikDinasti #PeringatanDarurat #IndonesiaEmergencyDemocracy"",""1826771163856712171"","""",""leevansyi"",""in"","""",""0"",""0"",""0"",""https://x.com/hajenot/status/1826771163856712171"",""1344624468056965122"",""hajenot""";
"1826539814558323090,""Thu Aug 22 23:59:19 +0000 2024"",""0"",""@nct_menfess BATALKAN BUKAN TUNDA #KawalPutusanMK #TolakPilkadaAkal2an #TolakPolitikDinasti #PeringatanDarurat #IndonesiaEmergencyDemocracy"",""1826771163823177787"","""",""nct_menfess"",""in"","""",""0"",""0"",""0"",""https://x.com/alabiyuminjae/status/1826771163823177787"",""1607263942073782272"",""alabiyuminjae""";
"1826771163642823096,""Thu Aug 22 23:59:19 +0000 2024"",""0"",""KEMBALIKAN TEMAN KAMIIIIIIII #MenjagaPutusanMK #KawalPutusanMk"",""1826771163642823096"","""","""",""in"",""mana aja!"",""0"",""0"",""0"",""https://x.com/raquat__/status/1826771163642823096"",""1096493791857434624"",""raquat__""";
"1826684556960788746,""Thu Aug 22 23:59:18 +0000 2024"",""0"",""@tanyarlfes gila... iblis pun lewat. #KawalPutusanMK #TolakPilkadaAkal2an #TolakPolitikDinasti"",""1826771159586930713"","""",""tanyarlfes"",""in"","""",""0"",""0"",""0"",""https://x.com/isaforger/status/1826771159586930713"",""1369440310049337346"",""isaforger""";
"1826766354805821674,""Thu Aug 22 23:59:18 +0000 2024"",""0"",""@tanyarlfes Kami menuntut pihak kepolisian yang bertugas hari ini &amp";" melakukan aksi kekerasan terhadap mahasiswa kemudian ada yang diculik juga sampai saat ini tidak ada informasi dimana mahasiswa tersebut. KEMBALIKAN MEREKA SEGERA! @DivHumas_Polri @ListyoSigitP #KawalPutusanMK"",""1826771158999691375"","""",""tanyarlfes"",""in"","""",""0"",""0"",""0"",""https://x.com/jasjushua/status/1826771158999691375"",""1646719917906067462"",""jasjushua"""
"1826771158727090281,""Thu Aug 22 23:59:18 +0000 2024"",""0"",""Ikut bang #KawalPutusanMk"",""1826771158727090281"","""","""",""in"","""",""0"",""0"",""0"",""https://x.com/HelmiAttila/status/1826771158727090281"",""1451122349248417792"",""HelmiAttila""";
"1826771156214661138,""Thu Aug 22 23:59:18 +0000 2024"",""0"",""btw semangat naikin ht ya guys!! BATALKAN BUKAN TUNDA! #KawalPutusanMK #TolakPilkadaAkal2an #TolakPolitikDinasti"",""1826771156214661138"","""","""",""in"",""ENFP"",""0"",""0"",""0"",""https://x.com/orlldinary/status/1826771156214661138"",""1324997750119788545"",""orlldinary""";
"1826766354805821674,""Thu Aug 22 23:59:18 +0000 2024"",""0"",""@tanyarlfes Kami menuntut pihak kepolisian yang bertugas hari ini &amp";" melakukan aksi kekerasan terhadap mahasiswa kemudian ada yang diculik juga sampai saat ini tidak ada informasi dimana mahasiswa tersebut. KEMBALIKAN MEREKA SEGERAA!! @DivHumas_Polri @ListyoSigitP #KawalPutusanMK"",""1826771156055281860"","""",""tanyarlfes"",""in"","""",""0"",""0"",""0"",""https://x.com/Ala48903754/status/1826771156055281860"",""1344257630240313346"",""Ala48903754"""
"1826771153219977609,""Thu Aug 22 23:59:17 +0000 2024"",""1"",""kami menuntut pihak kepolisian yang bertugas hari ini &amp";" melakukan aksi kekerasan terhadap mahasiswa kemudian ada yang diculik juga smpai saat ini tidak ada informasi dimana mahasiswa tersebut. KEMBALIKAN MEREKA SEGERAA!! @DivHumas_Polri #KawalPutusanMK #TolakPilkadaAkal2an"",""1826771153219977609"","""","""",""in"","""",""0"",""0"",""0"",""https://x.com/ilabyou92/status/1826771153219977609"",""1503609221971005440"",""ilabyou92"""
"1826757965430620295,""Thu Aug 22 23:59:15 +0000 2024"",""0"",""@nurulc459 BATALKAN BUKAN TUNDA #KawalPutusanMK #TolakPilkadaAkal2an #TolakPolitikDinasti #PeringatanDarurat #IndonesiaEmergencyDemocracy"",""1826771146538451188"","""",""nurulc459"",""in"","""",""0"",""0"",""0"",""https://x.com/SWidhea/status/1826771146538451188"",""1683510688063574022"",""SWidhea""";
"1826771145418571878,""Thu Aug 22 23:59:15 +0000 2024"",""0"",""ANJIR ga nyangka...... #KawalPutusanMk #TolakPilkadaAkal2an #TolakPolitikDinasti"",""1826771145418571878"","""","""",""in"","""",""0"",""0"",""0"",""https://x.com/ihugwonnie/status/1826771145418571878"",""1425693406500515845"",""ihugwonnie""";
"1826521331921551453,""Thu Aug 22 23:59:14 +0000 2024"",""0"",""@17CARATS_INA BATALKAN BUKAN TUNDA #KawalPutusanMK #TolakPilkadaAkal2an #TolakPolitikDinasti #PeringatanDarurat #IndonesiaEmergencyDemocracy"",""1826771143254311006"","""",""17CARATS_INA"",""in"",""ksyü´∂"",""0"",""0"",""0"",""https://x.com/kwonfirehosh/status/1826771143254311006"",""897308087521918977"",""kwonfirehosh""";
"1826771142553788571,""Thu Aug 22 23:59:14 +0000 2024"",""0"",""Terus naikan ht ni udah ilang di trending masa #KawalPutusanMK #TolakPilkadaAkal2an #TolakPolitikDinasti #PeringatanDarurat #IndonesiaEmergencyDemocracy"",""1826771142553788571"","""","""",""in"",""ÎåÄÌïúÎØºÍµ≠ ÏÑúÏö∏"",""0"",""2"",""0"",""https://x.com/kenzkdl_bee/status/1826771142553788571"",""1723398973212491776"",""kenzkdl_bee""";
"1826633575825076464,""Thu Aug 22 23:59:14 +0000 2024"",""0"",""@mystcique akak #KawalPutusanMK #TolakPilkadaAkal2an #TolakPolitikDinasti #PeringatanDarurat #IndonesiaEmergencyDemocracy"",""1826771140997775445"","""",""mystcique"",""in"",""17"",""0"",""0"",""0"",""https://x.com/jimvven/status/1826771140997775445"",""1361903127629164545"",""jimvven""";
"1826747350502818302,""Thu Aug 22 23:59:13 +0000 2024"",""0"",""@BulanSabit_1485 BATALKAN BUKAN TUNDA! KEMBALIKAN KAWAN-KAWAN KAMII!! #KawalPutusanMK #TolakPilkadaAkal2an #TolakPolitikDinasti #PeringatanDarurat #IndonesiaEmergencyDemocracy"",""1826771139118727560"","""",""BulanSabit_1485"",""in"",""L1485E1248 "",""0"",""0"",""0"",""https://x.com/exosarranghaja/status/1826771139118727560"",""1363064250923585546"",""exosarranghaja""";
"1826600687415017805,""Thu Aug 22 23:59:13 +0000 2024"",""0"",""@neutwal LAWAN! JANGAN LENGAH! BATALKAN BUKAN TUNDA! #KawalPutusanMK #TolakPilkadaAkal2an #TolakPolitikDinasti #PeringatanDarurat #IndonesiaEmergencyDemocracy"",""1826771136308490309"","""",""neutwal"",""in"","""",""0"",""0"",""0"",""https://x.com/xsyalyes/status/1826771136308490309"",""1244095335409975296"",""xsyalyes""";
"1826769756713886036,""Thu Aug 22 23:59:13 +0000 2024"",""0"",""@DiaryHali BATALKAN BUKAN TUNDA! #KawalPutusanMK #TolakPilkadaAkal2an #TolakPolitikDinasti #PeringatanDarurat #IndonesiaEmergencyDemocracy"",""1826771135750701265"","""",""DiaryHali"",""in"",""Betelgeuse||she/her'03"",""0"",""0"",""1"",""https://x.com/wqblueryavolt/status/1826771135750701265"",""1430334863094075396"",""wqblueryavolt""";
"1826765099702329850,""Thu Aug 22 23:59:12 +0000 2024"",""1"",""@tanyakanrl Kami menuntut pihak kepolisian yang bertugas hari ini &amp";" melakukan aksi kekerasan terhadap mahasiswa kemudian menculik nya sampai saat ini tidak ada informasi dimana mahasiswa tersebut. KEMBALIKAN MEREKA SEGERAA!! @DivHumas_Polri #KawalPutusanMK #TolakPilkadaAkal2an"",""1826771132315554154"","""",""tanyakanrl"",""in"","" kim jisoo"",""0"",""0"",""0"",""https://x.com/kjslv__/status/1826771132315554154"",""1553720457257369601"",""kjslv__"""
"1826771123201343987,""Thu Aug 22 23:59:10 +0000 2024"",""0"",""Pagi pagi mari #MenjagaPutusanMK #KawalPutusanMK #TolakPilkadaAkal2an #TolakPolitikDinasti https://t.co/MeN70SjnmG"",""1826771123201343987"",""https://pbs.twimg.com/media/GVn-p5FbgAEmLhU.jpg"","""",""in"",""fa +√ó+"",""0"",""0"",""0"",""https://x.com/artemus_moon/status/1826771123201343987"",""1462811802870312962"",""artemus_moon""";
"1826601818824331728,""Thu Aug 22 23:59:09 +0000 2024"",""0"",""@renjunampyeon BATALKAN BUKAN TUNDA #KawalPutusanMK #TolakPilkadaAkal2an #TolakPolitikDinasti #PeringatanDarurat #IndonesiaEmergencyDemocracy"",""1826771122328928593"","""",""renjunampyeon"",""in"",""ksyü´∂"",""0"",""0"",""0"",""https://x.com/kwonfirehosh/status/1826771122328928593"",""897308087521918977"",""kwonfirehosh""";
"1826714325123563682,""Thu Aug 22 23:59:09 +0000 2024"",""0"",""@eaJPark thanks Jae BATALKAN BUKAN TUNDA! #KawalPutusanMK #TolakPilkadaAkal2an #TolakPolitikDinasti"",""1826771120080781503"","""",""eaJPark"",""in"",""Indonesia"",""0"",""0"",""0"",""https://x.com/rj_rkive/status/1826771120080781503"",""997653975879925760"",""rj_rkive""";
"1826607818754945054,""Thu Aug 22 23:59:08 +0000 2024"",""0"",""@tanyarlfes BATALKAN BUKAN TUNDA #KawalPutusanMK #TolakPilkadaAkal2an #TolakPolitikDinasti #PeringatanDarurat #IndonesiaEmergencyDemocracy"",""1826771116662423897"","""",""tanyarlfes"",""in"",""felix's heart"",""0"",""0"",""0"",""https://x.com/fenbokiee/status/1826771116662423897"",""1147358012027232256"",""fenbokiee""";
"1826771115169251563,""Thu Aug 22 23:59:08 +0000 2024"",""0"",""Kami menuntut pihak kepolisian yang bertugas hari ini &amp";" melakukan aksi kekerasan terhadap mahasiswa kemudian ada yang diculik juga sampai saat ini tidak ada informasi dimana mahasiswa tersebut. KEMBALIKAN MEREKA SEGERAA!! HHHH @DivHumas_Polri @ListyoSigitP #KawalPutusanMK"",""1826771115169251563"","""","""",""in"","""",""0"",""0"",""0"",""https://x.com/KakoWarau/status/1826771115169251563"",""1376066609366753282"",""KakoWarau"""
"1826771110580682860,""Thu Aug 22 23:59:07 +0000 2024"",""0"",""Gedek bgt sm kudungnya pengen gw tarik rasanya #MenjagaPutusanMK #KawalPutusanMk #kawalkeputusanMK"",""1826771110580682860"","""","""",""in"",""she/her "",""0"",""0"",""0"",""https://x.com/justhuah/status/1826771110580682860"",""1148400462862811136"",""justhuah""";
